#[1]CHROM	[2]POS	[3]REF	[4]ALT	[5]patient_1:GT	[6]patient_2:GT	[7]patient_3:GT
chr5	7241	a	.	0/0	0/0	0/0
chr5	9390	a	.	0/0	0/0	0/0
chr5	10062	t	.	0/0	0/0	0/0
chr5	10673	a	.	0/0	0/0	0/0
chr5	15411	t	.	0/0	0/0	0/0
chr5	15503	t	.	0/0	0/0	0/0
chr5	16887	t	.	0/0	0/0	0/0
chr5	17044	t	.	0/0	0/0	0/0
chr5	19394	a	.	0/0	0/0	0/0
chr5	20647	a	.	0/0	0/0	0/0
chr5	20965	a	.	0/0	0/0	0/0
chr5	21005	a	.	0/0	0/0	0/0
chr5	22490	t	.	0/0	0/0	0/0
chr5	24686	t	.	0/0	0/0	0/0
chr5	25452	a	.	0/0	0/0	0/0
chr5	32035	a	.	0/0	0/0	0/0
chr5	32296	t	.	0/0	0/0	0/0
chr5	32477	t	.	0/0	0/0	0/0
chr5	32685	a	.	0/0	0/0	0/0
chr5	37544	t	.	0/0	0/0	0/0
chr5	41515	t	.	0/0	0/0	0/0
chr5	46982	t	.	0/0	0/0	0/0
chr5	47414	t	.	0/0	0/0	0/0
chr5	47459	t	.	0/0	0/0	0/0
chr5	47471	t	.	0/0	0/0	0/0
chr5	47958	t	.	0/0	0/0	0/0
chr5	53447	a	.	0/0	0/0	0/0
chr5	53475	a	.	0/0	0/0	0/0
chr5	57340	t	.	0/0	0/0	0/0
chr5	58315	t	.	0/0	0/0	0/0
chr5	60745	t	.	0/0	0/0	0/0
chr5	60865	t	.	0/0	0/0	0/0
chr5	61581	a	.	0/0	0/0	0/0
chr5	61748	a	.	0/0	0/0	0/0
chr5	65546	t	.	0/0	0/0	0/0
chr5	65866	a	.	0/0	0/0	0/0
chr5	66016	t	.	0/0	0/0	0/0
chr5	66553	t	.	0/0	0/0	0/0
chr5	70019	t	.	0/0	0/0	0/0
chr5	71967	t	.	0/0	0/0	0/0
chr5	73115	a	.	0/0	0/0	0/0
chr5	74772	a	.	0/0	0/0	0/0
chr5	74787	a	.	0/0	0/0	0/0
chr5	75767	a	.	0/0	0/0	0/0
chr5	76053	t	.	0/0	0/0	0/0
chr5	77170	t	.	0/0	0/0	0/0
chr5	79266	t	.	0/0	0/0	0/0
chr5	81461	t	.	0/0	0/0	0/0
chr5	84389	t	.	0/0	0/0	0/0
chr5	85497	c	.	0/0	0/0	0/0
chr5	87360	t	.	0/0	0/0	0/0
chr5	88404	a	.	0/0	0/0	0/0
chr5	89749	a	.	0/0	0/0	0/0
chr5	91545	a	.	0/0	0/0	0/0
chr5	96686	a	.	0/0	0/0	0/0
chr5	99436	t	.	0/0	0/0	0/0
chr5	101894	t	.	0/0	0/0	0/0
chr5	102333	a	.	0/0	0/0	0/0
chr5	102511	a	.	0/0	0/0	0/0
chr5	104055	t	.	0/0	0/0	0/0
chr5	104639	a	.	0/0	0/0	0/0
chr5	106700	a	aa	1/1	0/0	0/0
chr5	107100	a	.	0/0	0/0	0/0
chr5	107498	a	.	0/0	0/0	0/0
chr5	108526	c	.	0/0	0/0	0/0
chr5	111255	a	.	0/0	0/0	0/0
chr5	111276	a	.	0/0	0/0	0/0
chr5	117685	a	.	0/0	0/0	0/0
chr5	118533	t	.	0/0	0/0	0/0
chr5	119007	t	.	0/0	0/0	0/0
chr5	123843	t	.	0/0	0/0	0/0
chr5	124089	a	.	0/0	0/0	0/0
chr5	124177	a	.	0/0	0/0	0/0
chr5	124240	t	.	0/0	0/0	0/0
chr5	124519	t	.	0/0	0/0	0/0
chr5	125960	a	.	0/0	0/0	0/0
chr5	127595	t	.	0/0	0/0	0/0
chr5	128616	t	.	0/0	0/0	0/0
chr5	130683	t	.	0/0	0/0	0/0
chr5	131608	t	.	0/0	0/0	0/0
chr5	131741	t	.	0/0	0/0	0/0
chr5	131911	t	.	0/0	0/0	0/0
chr5	133075	t	.	0/0	0/0	0/0
chr5	133512	t	.	0/0	0/0	0/0
chr5	133668	c	.	0/0	0/0	0/0
chr5	137481	a	agagagaga	0/0	0/0	1/1
chr5	142034	a	.	0/0	0/0	0/0
