ID	Description	Score	E-Value
1BZ1_A	ChainA,Hemoglobin(Alpha+Met)Variant	286	3e-101
3IA3_B	ChainB,ACis-ProlineInAlpha-HemoglobinStabilizingPr...	286	3e-101
1BAB_A	ChainA,HemoglobinThionville:AnAlpha-ChainVariantWi...	284	2e-100
1COH_A	ChainA,StructureOfHaemoglobinInTheDeoxyQuaternary...	284	3e-100
1BZZ_A	ChainA,Hemoglobin(AlphaV1m)Mutant	283	7e-100
4MQC_A	ChainA,CarbonmonoxyStructureOfHemoglobinEvansAlpha...	283	7e-100
1AJ9_A	ChainA,R-StateHumanCarbonmonoxyhemoglobinAlpha-A53s	283	7e-100
5SW7_A	ChainA,StructureOfTheHumanHemoglobinMutantHbProv...	282	1e-99
1O1O_A	ChainA,DeoxyHemoglobin(A,C:v1m,V62l;B,D:v1m,V67l)	281	2e-99
1Y0D_A	ChainA,T-To-ThighQuaternaryTransitionsInHumanHemog...	281	3e-99
1A3O_A	ChainA,ArtificialMutant(AlphaY42h)OfDeoxyHemoglobin	281	3e-99
1RVW_A	ChainA,RStateHumanHemoglobin[alphaV96w],Carbonmonoxy	281	3e-99
1YDZ_A	ChainA,T-To-T(High)QuaternaryTransitionsInHumanHem...	281	3e-99
1R1X_A	ChainA,Crystalstructureofoxy-humanhemoglobinBasset...	281	4e-99
1XZ5_A	ChainA,T-To-ThighQuaternaryTransitionsInHumanHemog...	280	6e-99
3NMM_A	ChainA,HumanHemoglobinAmutantalphaH58Wdeoxy-form	280	6e-99
3QJB_A	ChainA,HumanHemoglobinAMutantAlphaH58lCarbonmonox...	280	7e-99
1XY0_A	ChainA,T-To-ThighTransitionsInHumanHemoglobin:Alph...	280	8e-99
2W72_A	ChainA,DeoxygenatedStructureOfADistalSiteHemoglob...	280	8e-99
1XZV_A	ChainA,T-To-ThighQuaternaryTransitionsInHumanHemog...	280	8e-99
1XZU_A	ChainA,T-To-ThighQuaternaryTransitionsInHumanHemog...	280	1e-98
1Y09_A	ChainA,T-To-T(High)QuaternaryTransitionsInHumanHem...	280	1e-98
1GLI_A	ChainA,DEOXYHEMOGLOBINT38W(ALPHACHAINS),V1G(ALPHA...	280	1e-98
6BB5_A	ChainA,HumanOxy-Hemoglobin	280	1e-98
1XZ7_A	ChainA,T-To-ThighQuaternaryTransitionsInHumanHemog...	280	1e-98
1O1I_A	ChainA,CyanometHemoglobin(a-gly-c:v1m,l29f,h58q;B,d:...	279	2e-98
1XYE_A	ChainA,T-to-thighTransitionsInHumanHemoglobin:Alph...	279	2e-98
1Y0A_A	ChainA,T-To-ThighQuaternaryTransitionsInHumanHemog...	279	2e-98
1QI8_A	ChainA,DeoxygenatedStructureOfADistalPocketHemogl...	279	3e-98
1ABY_A	ChainA,CyanometRhb1.1(RecombinantHemoglobin)	284	3e-98
1C7D_A	ChainA,DeoxyRhb1.2(recombinantHemoglobin)	284	4e-98
4MQH_A	ChainA,StructureOfAquometHemoglobinEvansAlphav62mb...	277	1e-97
1O1N_A	ChainA,DeoxyHemoglobin(a-glyglygly-c:v1m,l29w;B,d:v1m)	281	4e-97
1O1M_A	ChainA,DeoxyHemoglobin(a-glyglygly-c:v1m,l29f,h58qB,...	281	7e-97
1O1J_A	ChainA,DeoxyHemoglobin(a-gly-c:v1m,l29f,h58q;B,d:v1m...	280	8e-97
5WOG_A	ChainA,HumanHemoglobinimmersedinLiquidOxygenfor1...	275	8e-97
1O1L_A	ChainA,DeoxyHemoglobin(a-gly-c:v1m,l29w,h58q;B,d:v1m)	280	2e-96
5EUI_A	ChainA,StructureOfPredictedAncestralPikaHemoglobin	257	9e-90
4YU3_A	ChainA,TheCrystalStructureOfMongoose(helogaleParv...	256	2e-89
3FH9_A	ChainA,CrystalStructureDeterminationOfIndianFlying...	253	3e-88
3D4X_A	ChainA,CrystalStructureDeterminationOfCat(felisSi...	251	3e-87
1IWH_A	ChainA,CrystalStructureOfHorseCarbonmonoxyhemoglobi...	251	4e-87
3HRW_A	ChainA,CrystalStructureOfHemoglobinFromMouse(Mus...	250	6e-87
1HDA_A	ChainA,ANovelAllostericMechanismInHaemoglobin.Str...	249	1e-86
3CY5_A	ChainA,CrystalStructureDeterminationOfBuffalo(buba...	249	1e-86
5C6E_A	ChainA,JointX-ray/neutronstructureofequinecyanomet...	249	2e-86
2DHB_A	ChainA,THREEDIMENSIONALFOURIERSYNTHESISOFHORSEDEO...	249	2e-86
2MHB_A	ChainA,TheStructureOfHorseMethaemoglobinAt2.0Ang...	249	2e-86
3LQD_A	ChainA,CrystalStructureDeterminationOfLepusEuropae...	248	5e-86
3D1A_A	ChainA,CrystalStructureDeterminationOfGoatHemoglob...	248	6e-86
1IBE_A	ChainA,DEOXY-HAEMOGLOBINTRAPPEDINTHEHIGH-AFFINITY(...	247	1e-85
4H2L_A	ChainA,DeerMouseHemoglobinInHydratedFormat	247	1e-85
1S0H_A	ChainA,StructureDeterminationOfHaemoglobinFromDonk...	247	1e-85
2RAO_A	ChainA,XRayCrystalStructureOfRabbitHemoglobin(ox...	246	2e-85
2QU0_A	ChainA,CrystalStructureDeterminationOfSheepMethemo...	245	5e-85
3GDJ_A	ChainA,Crystalstructuredeterminationofcamel(Camelus...	244	2e-84
5KER_C	ChainC,DeerMouseRecombinantHemoglobinFromHighAlti...	243	5e-84
2QLS_A	ChainA,CrystalStructureOfHemoglobinFromDog(canis...	243	6e-84
3VRE_A	ChainA,TheCrystalStructureOfHemoglobinFromWoolly...	242	8e-84
1FHJ_A	ChainA,CrystalStructureOfAquometHemoglobin-IOfThe...	241	2e-83
2PGH_A	ChainA,StructureDeterminationOfAquometPorcineHemog...	241	3e-83
1HDS_A	ChainA,MacromolecularStructureRefinementByRestraine...	226	3e-77
3A0G_A	ChainA,CrystalStructureAnalysisOfGuineaPigOxyhemo...	220	5e-75
3DHR_A	ChainA,CrystalStructureDeterminationOfMethemoglobin...	212	1e-71
3EOK_A	ChainA,CrystalStructureDeterminationOfDuck(anasPl...	211	1e-71
1FAW_A	ChainA,GraylagGooseHemoglobin(OxyForm)	210	5e-71
2R80_A	ChainA,PigeonHemoglobin(oxyForm)	209	1e-70
2QMB_A	ChainA,StructureDeterminationOfHaemoglobinFromTurk...	209	1e-70
3MJP_A	ChainA,CrystalstructuredeterminationofJapanesequai...	207	8e-70
3K8B_A	ChainA,CrystalStructureOfTurkey(MeleagirisGallopov...	206	1e-69
3DHT_A	ChainA,TheCrystalStructureDeterminationOfRat(ratt...	206	1e-69
3FS4_A	ChainA,CrystalStructureDeterminationOfOstrichHemog...	205	4e-69
3WTG_A	ChainA,CrystalStructureOfEmu(dromaiusNovaehollandi...	204	1e-68
1A4F_A	ChainA,Bar-HeadedGooseHemoglobin(OxyForm)	203	3e-68
1C40_A	ChainA,Bar-headedGooseHemoglobin(aquometForm)	201	1e-67
3AT5_A	ChainA,Side-NeckedTurtle(Pleurodira,Chelonia,Reptil...	197	5e-66
2ZFB_A	ChainA,CrystalStructureOfParrotHemoglobin(psittacu...	196	1e-65
3WR1_A	ChainA,CrystalStructureOfCormorant(phalacrocoraxCa...	196	2e-65
1HBR_A	ChainA,R-stateFormOfChickenHemoglobinD	182	5e-60
1V75_A	ChainA,CrystalStructureOfHemoglobinDFromTheAldab...	178	3e-58
3W4U_A	ChainA,HumanZeta-2Beta-2-sHemoglobin	176	2e-57
1JEB_A	ChainA,ChimericHumanMOUSECARBONMONOXYHEMOGLOBIN(HUM...	174	6e-57
5JNZ_A	ChainA,X-raySequenceAndHighResolutionCrystalStruc...	171	1e-55
1CH4_A	ChainA,Module-SubstitutedChimeraHemoglobinBeta-Alpha...	167	7e-54
5JGG_A	ChainA,X-raySequenceAndHighResolutionCrystalStruc...	165	3e-53
1OUU_A	ChainA,CarbonmonoxyTroutHemoglobinI	158	2e-50
1V4U_A	ChainA,CrystalStructureOfBluefinTunaCarbonmonoxy-H...	156	9e-50
3BJ1_A	ChainA,Met-PerchHemoglobinAtPh5.7	155	4e-49
1XQ5_A	ChainA,Met-PerchHemoglobinAt1.9a	153	2e-48
1PBX_A	ChainA,HaemoglobinOfTheAntarcticFishPagotheniaBer...	148	1e-46
2R1H_A	ChainA,Met-troutIvHemoglobinAtPh6.3	148	2e-46
3BCQ_A	ChainA,CrystalStructureOfOxy-hemoglobinFromBrycon...	147	5e-46
3D1K_A	ChainA,RTINTERMEDIATEQUATERNARYSTRUCTUREOFANANTAR...	146	1e-45
3NFE_A	ChainA,TheCrystalStructureOfHemoglobinIFromTrema...	146	1e-45
4ESA_A	ChainA,X-raystructureofcarbonmonoxyhemoglobinofEl...	145	3e-45
1SPG_A	ChainA,CarbonmonoxyHemoglobinFromTheTeleostFishLe...	141	8e-44
1Y4V_B	ChainB,T-To-T(High)QuaternaryTransitionsInHumanHem...	117	4e-34
1YE2_B	ChainB,T-To-T(High)QuaternaryTransitionsInHumanHem...	116	5e-34
1Y2Z_B	ChainB,T-To-T(High)QuaternaryTransitionsInHumanHem...	116	7e-34
1O1P_B	ChainB,DeoxyHemoglobin(a-gly-c:v1m;B,d:v1m,c93a,n108k)	116	8e-34
1RQA_B	ChainB,CrystallographicAnalysisOfTheInteractionOf...	116	8e-34
1A01_B	ChainB,Hemoglobin(ValBeta1Met,TrpBeta37Ala)Mutant	116	9e-34
1YEU_B	ChainB,T-To-T(High)QuaternaryTransitionsInHumanHem...	115	1e-33
1A00_B	ChainB,Hemoglobin(ValBeta1Met,TrpBeta37Tyr)Mutant	115	1e-33
1DXU_B	ChainB,High-ResolutionX-RayStudyOfDeoxyRecombinant...	115	1e-33
2HHE_B	ChainB,OxygenAffinityModulationByTheN-TerminiOfT...	115	2e-33
1HBA_B	ChainB,High-ResolutionX-RayStudyOfDeoxyhemoglobinR...	115	2e-33
1GBU_B	ChainB,Deoxy(Beta-(C93a,C112g))HumanHemoglobin	115	2e-33
5KER_D	ChainD,DeerMouseRecombinantHemoglobinFromHighAlti...	115	2e-33
1YGF_B	ChainB,T-To-T(High)QuaternaryTransitionsInHumanHem...	115	2e-33
5SW7_B	ChainB,StructureOfTheHumanHemoglobinMutantHbProv...	115	2e-33
1YG5_B	ChainB,T-To-T(High)QuaternaryTransitionsInHumanHem...	115	2e-33
1Y85_B	ChainB,T-To-T(High)quaternarytransitionsinhumanhem...	115	2e-33
1HBS_B	ChainB,RefinedCrystalStructureOfDeoxyhemoglobinS....	114	3e-33
1SHR_B	ChainB,CrystalStructureOfFerrocyanideBoundHumanHe...	114	3e-33
5JDO_F	ChainF,T.CongolenseHaptoglobin-haemoglobinReceptorI...	114	3e-33
1ABY_B	ChainB,CyanometRhb1.1(RecombinantHemoglobin)	114	3e-33
3MKB_A	ChainA,CrystalstructuredeterminationofShortfinMako...	114	3e-33
1COH_B	ChainB,StructureOfHaemoglobinInTheDeoxyQuaternary...	114	3e-33
3HRW_B	ChainB,CrystalStructureOfHemoglobinFromMouse(Mus...	114	3e-33
1DXT_B	ChainB,High-ResolutionX-RayStudyOfDeoxyRecombinant...	114	3e-33
5E29_B	ChainB,CrystalStructureofDeoxygenatedHemoglobinin...	114	3e-33
1DXV_B	ChainB,High-resolutionX-rayStudyOfDeoxyRecombinant...	114	3e-33
1BUW_B	ChainB,CrystalStructureOfS-Nitroso-NitrosylHumanHe...	114	4e-33
1K1K_B	ChainB,StructureOfMutantHumanCarbonmonoxyhemoglobin...	114	4e-33
1YE0_B	ChainB,T-To-T(High)QuaternaryTransitionsInHumanHem...	114	4e-33
6HBW_B	ChainB,CrystalStructureOfDeoxy-humanHemoglobinBeta...	114	4e-33
1Y7Z_B	ChainB,T-To-T(High)QuaternaryTransitionsInHumanHem...	114	4e-33
1O1O_B	ChainB,DeoxyHemoglobin(A,C:v1m,V62l;B,D:v1m,V67l)	114	5e-33
1GBV_B	ChainB,(Alpha-Oxy,Beta-(C112g)deoxy)T-StateHumanHem...	114	7e-33
1O1I_B	ChainB,CyanometHemoglobin(a-gly-c:v1m,l29f,h58q;B,d:...	113	8e-33
2YRS_B	ChainB,HumanHemoglobinDLosAngeles:CrystalStructure	113	8e-33
4MQI_B	ChainB,StructureOfAquometHemoglobinBristol-aleshaA...	113	9e-33
4MQJ_B	ChainB,StructureofWild-typeFetalHumanHemoglobinHbF	113	1e-32
1I3D_A	ChainA,HumanCarbonmonoxyHemoglobinBart's(gamma4)	113	1e-32
1Y5F_B	ChainB,T-To-T(High)QuaternaryTransitionsInHumanHem...	113	1e-32
1O1K_B	ChainB,DeoxyHemoglobin(A,C:v1m;B,D:v1m,V67w)	113	1e-32
1HDB_B	ChainB,AnalysisOfTheCrystalStructure,MolecularMod...	113	1e-32
1YE1_B	ChainB,T-To-T(High)QuaternaryTransitionsInHumanHem...	113	1e-32
1FDH_G	ChainG,StructureOfHumanFoetalDeoxyhaemoglobin	112	2e-32
1NQP_B	ChainB,CrystalStructureOfHumanHemoglobinEAt1.73...	112	2e-32
1GCW_A	ChainA,CoFormHemoglobinFromMustelusGriseus	112	2e-32
1Y83_B	ChainB,T-To-T(High)QuaternaryTransitionsInHumanHem...	112	2e-32
1Y7G_B	ChainB,T-To-T(High)QuaternaryTransitionsInHumanHem...	112	3e-32
1YEN_B	ChainB,T-To-T(High)QuaternaryTransitionsInHumanHem...	112	3e-32
1YIH_B	ChainB,T-To-T(High)QuaternaryTransitionsInHumanHem...	112	3e-32
1Y5K_B	ChainB,T-to-t(high)QuaternaryTransitionsInHumanHem...	112	3e-32
1Y7D_B	ChainB,T-to-t(high)QuaternaryTransitionsInHumanHem...	112	3e-32
3VRE_B	ChainB,TheCrystalStructureOfHemoglobinFromWoolly...	112	3e-32
1Y4R_B	ChainB,T-To-T(High)QuaternaryTransitionsInHumanHem...	112	4e-32
1Y4Q_B	ChainB,T-To-T(High)QuaternaryTransitionsInHumanHem...	112	4e-32
4MQK_B	ChainB,CarbonmonoxyStructureOfTheHumanFetalHemogl...	112	4e-32
3FH9_B	ChainB,CrystalStructureDeterminationOfIndianFlying...	112	4e-32
2RAO_B	ChainB,XRayCrystalStructureOfRabbitHemoglobin(ox...	111	4e-32
3NL7_B	ChainB,HumanHemoglobinAmutantbetaH63Wcarbonmonoxy...	111	5e-32
1QI8_B	ChainB,DeoxygenatedStructureOfADistalPocketHemogl...	111	5e-32
5HU6_B	ChainB,StructureOfTheT.BruceiHaptoglobin-haemoglob...	111	6e-32
4H2L_B	ChainB,DeerMouseHemoglobinInHydratedFormat	111	7e-32
1CMY_B	ChainB,TheMutationBeta99Asp-TyrStabilizesY-ANew,...	111	7e-32
3QJC_B	ChainB,HumanHemoglobinAMutantBetaH63lCarbonmonoxy...	110	9e-32
3LQD_B	ChainB,CrystalStructureDeterminationOfLepusEuropae...	110	1e-31
3DHT_B	ChainB,TheCrystalStructureDeterminationOfRat(ratt...	110	2e-31
3HYU_B	ChainB,CrystalStructureOfTheAltitudeAdaptedHemogl...	108	6e-31
4YU3_B	ChainB,TheCrystalStructureOfMongoose(helogaleParv...	108	6e-31
3WTG_B	ChainB,CrystalStructureOfEmu(dromaiusNovaehollandi...	108	7e-31
3A0G_B	ChainB,CrystalStructureAnalysisOfGuineaPigOxyhemo...	108	1e-30
3D4X_B	ChainB,CrystalStructureDeterminationOfCat(felisSi...	107	3e-30
1FHJ_B	ChainB,CrystalStructureOfAquometHemoglobin-IOfThe...	107	3e-30
3CY5_B	ChainB,CrystalStructureDeterminationOfBuffalo(buba...	106	4e-30
3MJP_B	ChainB,CrystalstructuredeterminationofJapanesequai...	106	6e-30
1HDS_B	ChainB,MacromolecularStructureRefinementByRestraine...	106	6e-30
1JEB_B	ChainB,ChimericHumanMOUSECARBONMONOXYHEMOGLOBIN(HUM...	106	7e-30
1HBR_B	ChainB,R-stateFormOfChickenHemoglobinD	105	1e-29
3FS4_B	ChainB,CrystalStructureDeterminationOfOstrichHemog...	105	1e-29
4F4O_B	ChainB,StructureOfTheHaptoglobin-HaemoglobinComplex	105	1e-29
1FAW_B	ChainB,GraylagGooseHemoglobin(OxyForm)	105	2e-29
2PGH_B	ChainB,StructureDeterminationOfAquometPorcineHemog...	105	2e-29
2RI4_B	ChainB,CrystalStructureDeterminationOfGoatMethemog...	105	2e-29
2QMB_B	ChainB,StructureDeterminationOfHaemoglobinFromTurk...	104	2e-29
2QU0_B	ChainB,CrystalStructureDeterminationOfSheepMethemo...	104	3e-29
2ZFB_B	ChainB,CrystalStructureOfParrotHemoglobin(psittacu...	104	3e-29
1A4F_B	ChainB,Bar-HeadedGooseHemoglobin(OxyForm)	104	3e-29
2B7H_B	ChainB,HemoglobinFromCerdocyonThous,ACanidaeFrom...	104	4e-29
2DHB_B	ChainB,THREEDIMENSIONALFOURIERSYNTHESISOFHORSEDEO...	104	4e-29
3EOK_B	ChainB,CrystalStructureDeterminationOfDuck(anasPl...	102	2e-28
3WR1_B	ChainB,CrystalStructureOfCormorant(phalacrocoraxCa...	102	2e-28
1HDA_B	ChainB,ANovelAllostericMechanismInHaemoglobin.Str...	101	4e-28
2R80_B	ChainB,PigeonHemoglobin(oxyForm)	101	4e-28
1V75_B	ChainB,CrystalStructureOfHemoglobinDFromTheAldab...	101	4e-28
1A9W_E	ChainE,HumanEmbryonicGowerIiCarbonmonoxyHemoglobin	101	5e-28
5EUI_B	ChainB,StructureOfPredictedAncestralPikaHemoglobin	99.4	4e-27
5JGG_B	ChainB,X-raySequenceAndHighResolutionCrystalStruc...	99.0	5e-27
3AT5_B	ChainB,Side-NeckedTurtle(Pleurodira,Chelonia,Reptil...	98.2	9e-27
1CG5_A	ChainA,DeoxyFormHemoglobinFromDasyatisAkajei	97.8	1e-26
1SPG_B	ChainB,CarbonmonoxyHemoglobinFromTheTeleostFishLe...	97.1	3e-26
2MHB_B	ChainB,TheStructureOfHorseMethaemoglobinAt2.0Ang...	94.7	2e-25
1OUT_B	ChainB,TroutHemoglobinI	94.7	2e-25
3BCQ_B	ChainB,CrystalStructureOfOxy-hemoglobinFromBrycon...	92.0	2e-24
5JNZ_B	ChainB,X-raySequenceAndHighResolutionCrystalStruc...	92.0	3e-24
3BOM_B	ChainB,CrystalStructureOfTroutHemoglobinAt1.35An...	88.2	7e-23
3GDJ_B	ChainB,Crystalstructuredeterminationofcamel(Camelus...	87.8	1e-22
1V4U_B	ChainB,CrystalStructureOfBluefinTunaCarbonmonoxy-H...	87.8	1e-22
2AA1_B	ChainB,CrystalStructureOfTheCathodicHemoglobinIso...	87.4	1e-22
4ESA_B	ChainB,X-raystructureofcarbonmonoxyhemoglobinofEl...	85.5	1e-21
1T1N_B	ChainB,CrystalStructureOfCarbonmonoxyHemoglobin	84.0	4e-21
1XQ5_B	ChainB,Met-PerchHemoglobinAt1.9a	83.2	7e-21
1PBX_B	ChainB,HaemoglobinOfTheAntarcticFishPagotheniaBer...	81.3	4e-20
1UC3_A	ChainA,CrystalStructureOfHemoglobiniFromRiverLamprey	72.8	7e-17
3MKB_B	ChainB,CrystalstructuredeterminationofShortfinMako...	72.0	1e-16
1GCW_B	ChainB,CoFormHemoglobinFromMustelusGriseus	71.2	2e-16
1F5P_A	ChainA,2.9AngstromCrystalStructureOfLampreyHemogl...	71.6	2e-16
1GCV_B	ChainB,DeoxyFormHemoglobinFromMustelusGriseus	71.2	2e-16
3LHB_A	ChainA,The2.7AngstromCrystalStructureOfDeoxygenat...	70.9	4e-16
1UT0_A	ChainA,CrystalStructureOfCytoglobin:TheFourthGlob...	70.1	2e-15
2LHB_A	ChainA,REFINEMENTOFAMOLECULARMODELFORLAMPREYHEMO...	68.6	3e-15
3AG0_A	ChainA,CrystalStructureOfCarbonmonoxyHumnanCytoglobin	68.9	6e-15
1V5H_A	ChainA,CrystalStructureOfHumanCytoglobin(FerricForm)	68.9	6e-15
4B3W_A	ChainA,CrystalStructureOfHumanCytoglobinH(e7)qMutant	67.8	2e-14
1CG5_B	ChainB,DeoxyFormHemoglobinFromDasyatisAkajei	64.7	9e-14
1HLM_A	ChainA,AMINOACIDSEQUENCEOFAGLOBINFROMTHESEACUC...	56.2	2e-10
1LHS_A	ChainA,LoggerheadSeaTurtleMyoglobin(Aquo-Met)	51.6	9e-09
1MYH_A	ChainA,HighResolutionX-rayStructuresOfPigMetmyogl...	49.3	8e-08
5YCG_A	ChainA,AncestralmyoglobinaMbWpofPakicetusrelative	49.3	9e-08
1PMB_A	ChainA,TheDeterminationOfTheCrystalStructureOfRe...	48.9	1e-07
1MYI_A	ChainA,HighResolutionX-RayStructuresOfPigMetmyogl...	48.5	1e-07
4OOD_A	ChainA,StructureOfK42yMutantOfSpermWhaleMyoglobin	47.8	3e-07
1MBS_A	ChainA,X-RayCrystallographicStudiesOfSealMyoglobin...	47.4	4e-07
1MYJ_A	ChainA,DistalPolarityInLigandBindingToMyoglobin:...	47.0	5e-07
1M6C_A	ChainA,V68nMyoglobinWithCo	46.2	1e-06
1MNH_A	ChainA,InteractionsAmongResiduesCd3,E7,E10AndE11...	46.2	1e-06
3RGK_A	ChainA,CrystalStructureOfHumanMyoglobinMutantK45r	45.8	1e-06
1CP5_A	ChainA,RecombinantSpermWhaleMyoglobinL104fMutant(...	45.8	1e-06
4TWU_A	ChainA,Horseheartmyoglobinmutant(D44K/D60K/E85K)wi...	45.4	2e-06
1IT2_A	ChainA,HagfishDeoxyHemoglobin	45.4	2e-06
1CH5_A	ChainA,RecombinantSpermWhaleMyoglobinH97vMutant(Met)	45.1	3e-06
3A2G_A	ChainA,CrystalStructureOfK102c-MyoglobinConjugated...	45.1	3e-06
5YL3_A	ChainA,Crystalstructureofhorseheartmyoglobinrecon...	45.1	3e-06
1MYT_A	ChainA,CrystalStructureTo1.74AngstromsResolutionO...	45.1	3e-06
1CH7_A	ChainA,RecombinantSpermWhaleMyoglobinH97fMutant(Met)	45.1	3e-06
1H1X_A	ChainA,SpermWhaleMyoglobinMutantT67rS92d	44.7	4e-06
3RJN_B	ChainB,HorseHeartMyoglobin:D44kD60KMUTANTWITHZINC...	44.3	5e-06
5YZF_A	ChainA,X-raycrystalstructureofmetK42Cspermwhale...	44.3	5e-06
1MNJ_A	ChainA,InteractionsAmongResiduesCd3,E7,E10AndE11...	44.3	6e-06
1UFP_A	ChainA,CrystalStructureOfAnArtificialMetalloprotei...	44.3	6e-06
3QM5_A	ChainA,BlackfinTunaOxy-Myoglobin,AtomicResolution	43.9	6e-06
4TWV_A	ChainA,Horseheartmyoglobinmutant(K45E/K63E/K96E)wi...	43.9	6e-06
1CPW_A	ChainA,RecombinantSpermWhaleMyoglobinL104wMutant(...	43.9	7e-06
1NZ3_A	ChainA,K45e-k63eVariantOfHorseHeartMyoglobin	43.9	7e-06
1NZ2_A	ChainA,K45eVariantOfHorseHeartMyoglobin	43.9	7e-06
1CH9_A	ChainA,RecombinantSpermWhaleMyoglobinH97qMutant(met)	43.9	7e-06
2NRL_A	ChainA,BlackfinTunaMyoglobin	43.9	7e-06
5YCI_A	ChainA,AncestralmyoglobinaMbWb'ofBasilosaurusrelat...	43.9	8e-06
1CIO_A	ChainA,RecombinantSpermWhaleMyoglobinI99vMutant(Met)	43.9	8e-06
2NRM_A	ChainA,S-nitrosylatedblackfintunamyoglobin	43.5	8e-06
4HRT_A	ChainA,ScapharcaTetramericHemoglobin,Unliganded	43.5	9e-06
3WYO_B	ChainB,HeterodimericMyoglobinFormedByDomainSwapping	43.5	9e-06
4DC7_A	ChainA,CrystalStructureofMyoglobinExposedtoExcess...	43.5	9e-06
5YCH_A	ChainA,AncestralmyoglobinaMbWbofBasilosaurusrelati...	43.5	9e-06
1DWR_A	ChainA,Myoglobin(HorseHeart)Wild-TypeComplexedWithCo	43.5	1e-05
1RSE_A	ChainA,Myoglobin(horseHeart)MutantWithSer92Repla...	43.5	1e-05
1JW8_A	ChainA,1.3AngstromResolutionCrystalStructureOfP6...	43.5	1e-05
1DTI_A	ChainA,RecombinantSpermWhaleMyoglobinH97d,D122nMu...	43.5	1e-05
1XCH_A	ChainA,Myoglobin(HorseHeart)MutantWithLeu104Repl...	43.1	1e-05
2OH8_A	ChainA,MyoglobinCavityMutantI28w	43.1	1e-05
1CO9_A	ChainA,RecombinantSpermWhaleMyoglobinL104vMutant(...	43.1	1e-05
1MLM_A	ChainA,StructuralAndFunctionalEffectsOfApolarMuta...	43.1	1e-05
2OHA_A	ChainA,MyoglobinCavityMutantF138w	43.1	2e-05
1J3F_A	ChainA,CrystalStructureOfAnArtificialMetalloprotei...	43.1	2e-05
1CP0_A	ChainA,RecombinantSpermWhaleMyoglobinL104nMutant(...	42.7	2e-05
1CO8_A	ChainA,RecombinantSpermWhaleMyoglobinL104aMutant(...	42.7	2e-05
1MNK_A	ChainA,InteractionsAmongResiduesCd3,E7,E10AndE11...	42.7	2e-05
4QAU_A	ChainA,CrystalStructureOfF43yMutantOfSpermWhale...	42.7	2e-05
3RJ6_A	ChainA,CrystalStructureOfHorseHeartFerricMyoglobi...	42.7	2e-05
6BMG_A	ChainA,StructureofRecombinantDwarfSpermWhaleMyogl...	42.7	2e-05
3HEN_A	ChainA,FerricHorseHeartMyoglobin;H64vV67RMUTANT	42.4	3e-05
2OHB_A	ChainA,MyoglobinCavityMutantI107w	42.4	3e-05
1MLQ_A	ChainA,StructuralAndFunctionalEffectsOfApolarMuta...	42.4	3e-05
2SPO_A	ChainA,ANovelSite-directedMutantOfMyoglobinWithA...	42.0	3e-05
1CH2_A	ChainA,RecombinantSpermWhaleMyoglobinL89fMutant(Met)	42.0	3e-05
2G0R_A	ChainA,UnphotolyzedCo-boundL29fMyoglobin	42.0	3e-05
5OJA_A	ChainA,StructureofMbQ	42.0	3e-05
1CIK_A	ChainA,RecombinantSpermWhaleMyoglobinI99aMutant(Met)	42.0	4e-05
1A6K_A	ChainA,Aquomet-Myoglobin,AtomicResolution	42.0	4e-05
4PQC_A	ChainA,AspermwhalemyoglobinsinglemutantF43HMbwi...	42.0	4e-05
1BZ6_A	ChainA,AtomicResolutionCrystalStructureAquomet-myog...	41.6	4e-05
4OF9_A	ChainA,StructureOfK42nVariantOfSpermWhaleMyoglobin	41.6	5e-05
5B85_A	ChainA,X-rayStructureOfFerricF138ySpermWhaleMyog...	41.6	5e-05
1MLF_A	ChainA,StructuralAndFunctionalEffectsOfApolarMuta...	41.6	5e-05
1HRM_A	ChainA,TheProximalLigandVariantHis93tyrOfHorseHe...	41.6	5e-05
1YMA_A	ChainA,STRUCTURALCHARACTERIZATIONOFHEMELIGATIONIN...	41.6	5e-05
1FCS_A	ChainA,CrystalStructureOfADistalSiteDoubleMutant...	41.6	5e-05
106M_A	ChainA,SPERMWHALEMYOGLOBINV68FETHYLISOCYANIDEATP...	41.6	5e-05
1CH3_A	ChainA,RecombinantSpermWhaleMyoglobinL89wMutant(Met)	41.6	5e-05
1LTW_A	ChainA,RECOMBINANTSPERMWHALEMYOGLOBIN29WMUTANT(OXY)	41.6	5e-05
1MNI_A	ChainA,AlterationOfAxialCoordinationByProteinEngi...	41.2	6e-05
5XKV_A	ChainA,structureofspermwhalemyoglobinF138W	41.2	6e-05
4PQ6_A	ChainA,ASpermWhaleMyoglobinSingleMutantL29eMbWi...	41.2	6e-05
1MGN_A	ChainA,His64(E7)->TyrApomyoglobinAsAReagentForMe...	41.2	7e-05
2W6Y_A	ChainA,CrystalStructureOfSpermWhaleMyoglobinMutan...	41.2	7e-05
1MTI_A	ChainA,Phe46(Cd4)OrientsTheDistalHistidineForHydr...	41.2	7e-05
1A6G_A	ChainA,Carbonmonoxy-Myoglobin,AtomicResolution	41.2	7e-05
2OH9_A	ChainA,MyoglobinCavityMutantV68w	41.2	7e-05
4IT8_A	ChainA,AspermwhalemyoglobinmutantL29HMbwithtwo...	41.2	7e-05
5UTD_A	ChainA,SpermwhalemyoglobinV68A/I107Ywithnitrite	41.2	8e-05
4H07_A	ChainA,ComplexofG65TMyoglobinwithPhenolinitsPro...	40.8	1e-04
5B84_A	ChainA,X-rayCrystalStructureOfMetI107ySpermWhale...	40.8	1e-04
2MGF_A	ChainA,HighResolutionCrystalStructuresOfFiveDista...	40.8	1e-04
3HC9_A	ChainA,FerricHorseHeartMyoglobin;H64vMutant	40.8	1e-04
101M_A	ChainA,SPERMWHALEMYOGLOBINF46VN-BUTYLISOCYANIDEAT...	40.4	1e-04
3S1I_A	ChainA,CrystalStructureOfOxygen-boundHell'sGateGl...	40.4	1e-04
5OJ9_A	ChainA,StructureofMbNMH	40.8	1e-04
2W6X_A	ChainA,CrystalStructureOfSpermWhaleMyoglobinMutan...	40.4	1e-04
1DXC_A	ChainA,CoComplexOfMyoglobinMb-YqrAt100k	40.4	1e-04
1IRC_A	ChainA,CysteineRichIntestinalProtein	40.4	1e-04
1CH1_A	ChainA,RecombinantSpermWhaleMyoglobinL89gMutatnt(...	40.4	1e-04
5UTB_A	ChainA,MetformofspermwhalemyoglobinV68A/I107Y	40.4	1e-04
1BJE_A	ChainA,H64tVariantOfMyoglobin(HorseHeart)Recombin...	40.4	1e-04
3SDN_A	ChainA,StructureOfG65iSpermWhaleMyoglobinMutant	40.4	1e-04
5ZEO_A	ChainA,X-raystructureofspermwhaleV21C/V66C/F46Smy...	40.0	2e-04
2MGJ_A	ChainA,HighResolutionCrystalStructuresOfFiveDista...	40.0	2e-04
1MCY_A	ChainA,SpermWhaleMyoglobin(MutantWithInitiatorMet...	40.0	2e-04
3UBC_A	ChainA,Oxygen-BoundHell'sGateGlobinIByLbNanotemp...	39.7	2e-04
102M_A	ChainA,SPERMWHALEMYOGLOBINH64AAQUOMETATPH9.0	40.0	2e-04
1MOC_A	ChainA,High-ResolutionCrystalStructuresOfDistalHis...	40.0	2e-04
2MGC_A	ChainA,HighResolutionCrystalStructuresOfFiveDista...	40.0	2e-04
3NML_A	ChainA,SpermwhalemyoglobinmutantH64Wcarbonmonoxy-form	40.0	2e-04
1MOB_A	ChainA,High-ResolutionCrystalStructuresOfDistalHis...	40.0	2e-04
4LPI_A	ChainA,AspermwhalemyoglobindoublemutantL29H/F43Y...	39.7	2e-04
1O16_A	ChainA,RecombinantSpermWhaleMyoglobinH64dV68SD122N...	39.7	2e-04
6G5T_A	ChainA,MyoglobinH64V/V68Aintherestingstate,1.5An...	39.7	3e-04
4PQB_A	ChainA,AspermwhalemyoglobindoublemutantL29E/F43H...	39.3	3e-04
3WYO_A	ChainA,HeterodimericMyoglobinFormedByDomainSwapping	39.3	3e-04
5XKW_A	ChainA,myglobinmutantF43Y/F46Y	39.3	3e-04
2BLH_A	ChainA,LigandMigrationAndProteinFluctuationsInMyo...	38.9	4e-04
1DO1_A	ChainA,Carbonmonoxy-myoglobinMutantL29wAt105k	38.9	4e-04
1HLB_A	ChainA,Structuralanalysisofmonomerichemichromeand...	38.9	5e-04
1LUE_A	ChainA,RecombinantSpermWhaleMyoglobinH64d/v68a/d122...	38.9	5e-04
5OJB_A	ChainA,StructureofMbQNMH	38.5	6e-04
1WVP_A	ChainA,StructureOfChemicallyModifiedMyoglobinWith...	38.5	7e-04
3O89_A	ChainA,CrystalStructureofSpermWhaleMyoglobinG65T	38.5	7e-04
3H57_A	ChainA,MyoglobinCavityMutantH64lv68nDeoxyForm	38.1	0.001
1DTM_A	ChainA,CRYSTALSTRUCTUREOFTHESPERM-WHALEMYOGLOBINM...	38.1	0.001
2E2Y_A	ChainA,CrystalStructureOfF43wH64DV68IMYOGLOBIN	38.1	0.001
1MLU_A	ChainA,NitricOxideRecombinationToDoubleMutantsOf...	38.1	0.001
1EMY_A	ChainA,CrystalStructureOfAsianElephant(ElephasMax...	37.7	0.001
1OBM_A	ChainA,RecombinantSpermWhaleMyoglobin29f64Q68F122N...	37.7	0.001
5KD1_A	ChainA,SpermwhalemyoglobinH64Awithnitrosoamphetamine	37.4	0.001
5OJC_A	ChainA,StructureofMbQ2.1NMH	37.7	0.002
1OFJ_A	ChainA,RecombinantSpermWhaleMyoglobinL29hH64LD122N...	37.0	0.002
1OFK_A	ChainA,RECOMBINANTSPERMWHALEMYOGLOBINF43H,H64LMUT...	37.0	0.002
3MN0_A	ChainA,IntroducingA2-His-1-GluNon-HemeIronCenterI...	37.0	0.002
4FWZ_A	ChainA,AquoferricCubMyoglobin(L29hF43hSpermWhale...	36.6	0.003
6G5A_A	ChainA,Heme-carbenecomplexinmyoglobinH64V/V68Acont...	36.2	0.005
2C0K_A	ChainA,TheStructureOfHemoglobinFromTheBotflyGast...	36.2	0.005
4TYX_A	ChainA,StructureOfAquoferricSpermWhaleMyoglobinL2...	35.8	0.006
5HLQ_A	ChainA,X-rayCrystalStructureOfMetF43h/h64aSpermW...	35.8	0.007
4FWX_A	ChainA,AquoferricF33yCubMyoglobin(F33yL29hF43hSp...	35.4	0.008
1YHU_A	ChainA,CrystalStructureOfRiftiaPachyptilaC1Hemogl...	35.4	0.009
3K9Z_A	ChainA,RationalDesignOfAStructuralAndFunctionalN...	34.3	0.022
6F17_A	ChainA,StructureofMbNMHH64V,V68Amutantrestingstate	33.9	0.032
5EET_A	ChainA,CrystalStructureOfMurineNeuroglobinAtAmbie...	32.7	0.063
1Q1F_A	ChainA,CrystalStructureOfMurineNeuroglobin	32.7	0.065
2VRY_A	ChainA,MouseNeuroglobinWithHemeIronInTheReduced...	32.7	0.070
3M38_A	ChainA,TheRolesOfGlutamatesAndMetalIonsInARati...	32.3	0.097
5EU2_A	ChainA,CrystalStructureOfMurineNeuroglobinMutantV...	32.0	0.13
4MU5_A	ChainA,CrystalStructureOfMurineNeuroglobinMutantM...	32.0	0.13
6D45_A	ChainA,L89SMutantofFeBMbSpermWhaleMyoglobin	31.6	0.20
1YHU_C	ChainC,CrystalStructureOfRiftiaPachyptilaC1Hemogl...	31.2	0.22
5F0B_A	ChainA,CrystalStructureOfMurineNeuroglobinMutantF...	31.2	0.23
5EYS_A	ChainA,CrystalStructureOfMurineNeuroglobinMutantF...	31.2	0.24
4O1T_A	ChainA,CrystalStructureOfMurineNeuroglobinMutantF...	31.2	0.28
5O18_A	ChainA,CrystalstructureofmurineneuroglobinmutantV...	30.8	0.31
4NZI_A	ChainA,CrystalStructureOfMurineNeuroglobinMutantV...	30.4	0.41
4IT1_A	ChainA,Crystalstructureofenolasepfl01_3283(target...	30.4	0.72
3U7B_A	ChainA,ANewCrystalStructureOfAFusariumOxysporum...	28.9	2.5
4WCH_D	ChainD,StructureofIsolatedDChainofGigantHemoglob...	28.1	2.8
4U8U_D	ChainD,TheCrystallographicStructureOfTheGiantHemo...	28.1	3.1
3WVQ_A	ChainA,StructureOfAtpGraspProtein	27.7	6.6
3F1I_H	ChainH,HumanEscrt-0CoreComplex	26.6	6.7
1D8H_A	ChainA,X-RayCrystalStructureOfYeastRnaTriphosphat...	27.3	7.4
6CW3_E	ChainE,CrystalstructureofayeastSAGAtranscriptiona...	26.6	7.5
3KYH_A	ChainA,SaccharomycesCerevisiaeCet1-ceg1CappingAppar...	27.3	7.7
2BK9_A	ChainA,DrosophilaMelanogasterGlobin	26.6	8.8
5FVM_A	ChainA,CryoElectronMicroscopyOfAComplexOfTorAnd...	27.3	9.2
2G3H_A	ChainA,CyanideBindingAndHemeCavityConformationalT...	26.6	9.7
